ID,Package,ProductName,Vintage,UPC,Cases,Weight,FOB,Deposit,ExtPric
28456,12/750 ml W/,FitVine CS '18,2018,8.53086E+11,672,"25,805",$82.00 ,$0.00 ,"$55,104.00 "
21889,12/750 ml W/,FitVine PG '19,2019,8.53086E+11,168,"6,451",$82.00 ,$0.00 ,"$13,776.00 "
20565,12/750 ml W/,FitVine PN 17/18,2018,8.53086E+11,44,"1,690",$102.00 ,$0.00 ,"$4,488.00 "
24410,12/750 ml W/,FitVine Prosecco,,8.53086E+11,40,"1,632",$102.00 ,$0.00 ,"$4,080.00 "
20566,12/750 ml W/,FitVine SB 19/20,2020,8.53086E+11,168,"6,451",$82.00 ,$0.00 ,"$13,776.00 "
